{
	"coordenadas": [
		{"latitud":-18.45579266461812 , "longitud":-70.2817274780641 },
		{"latitud":-18.455449366917797, "longitud":-70.28194703760971},
		{"latitud":-18.455036958231396 , "longitud":-70.28198162144886}
	]
}